mechanism,method,missing_rate,mean,mean_bias,variance,variance_bias,variance_ratio,cov_income_spending,cov_bias,corr_income_spending,corr_bias,rmse_on_missing_cells
MCAR,Simple hot deck,0.356,70713.4154186067,-427.76859775300545,551753534.2372073,2884531.6484384537,1.005255410006456,218296382.1405937,-117958346.71910828,0.5695233462443958,-0.3100490749604635,33094.29168794668
MCAR,Adjustment-cell hot deck,0.356,70809.91869875973,-331.26531759997306,544374013.5920393,-4494988.996729493,0.9918104520832318,303540044.99259716,-32714683.86710483,0.7972689613552145,-0.08230345984964482,16432.062118654332
MCAR,KNN hot deck,0.356,71047.71899856123,-93.46501779847313,548360856.6572925,-508145.9314763546,0.9990741945180368,307385707.283532,-28869021.576169968,0.8044295251067554,-0.07514289609810398,16088.605712897863
MAR,Simple hot deck,0.3492,75706.97388313047,4565.789866770763,492453464.5888297,-56415537.99993914,0.8972149315522422,188744862.7108247,-147509866.1488773,0.521230831028716,-0.3583415901761433,35225.267523086004
MAR,Adjustment-cell hot deck,0.3492,71906.80547817114,765.6214618114318,532620323.79938036,-16248678.789388478,0.9703960713526347,298400005.11126935,-37854723.748432636,0.7923690697550769,-0.08720335144978242,17059.141297673974
MAR,KNN hot deck,0.3492,71478.4404154062,337.2563990464987,527503904.3429577,-21365098.245811164,0.9610743216595552,297303521.72475654,-38951207.13494545,0.79327683039372,-0.08629559081113936,17589.204343163197
